Intermediate Zone code,Name of Intermediate Zone,Local Authority,Number of Deaths,Population (2018 based),"rate per 100,000 population"
S02001236,Culter,Aberdeen City,1,"4,695",21.3
S02001237,"Cults, Bieldside and Milltimber West",Aberdeen City,0,"4,599",0
S02001238,"Cults, Bieldside and Milltimber East",Aberdeen City,2,"6,826",29.3
S02001239,Garthdee,Aberdeen City,2,"5,538",36.1
S02001240,"Braeside, Mannofield, Broomhill and Seafield East",Aberdeen City,0,"4,442",0
S02001241,"Braeside, Mannofield, Broomhill and Seafield South",Aberdeen City,1,"3,990",25.1
S02001242,"Braeside, Mannofield, Broomhill and Seafield North",Aberdeen City,0,"4,944",0
S02001243,Hazlehead,Aberdeen City,5,"5,370",93.1
S02001244,Summerhill,Aberdeen City,2,"3,854",51.9
S02001245,Midstocket,Aberdeen City,1,"4,550",22
S02001246,Rosemount,Aberdeen City,0,"5,680",0
S02001247,West End North,Aberdeen City,0,"3,647",0
S02001248,West End South,Aberdeen City,1,"6,279",15.9
S02001249,City Centre West,Aberdeen City,0,"3,931",0
S02001250,City Centre East,Aberdeen City,0,"2,631",0
S02001251,Ferryhill North,Aberdeen City,2,"5,048",39.6
S02001252,Ferryhill South,Aberdeen City,1,"4,945",20.2
S02001253,"Kincorth, Leggart and Nigg North",Aberdeen City,3,"3,934",76.3
S02001254,"Kincorth, Leggart and Nigg South",Aberdeen City,0,"4,966",0
S02001255,Cove South,Aberdeen City,0,"3,976",0
S02001256,Cove North,Aberdeen City,0,"3,507",0
S02001257,Torry West,Aberdeen City,14,"5,339",262.2
S02001258,Torry East,Aberdeen City,0,"4,439",0
S02001259,Hanover South,Aberdeen City,0,"3,226",0
S02001260,Hanover North,Aberdeen City,0,"4,071",0
S02001261,George Street,Aberdeen City,4,"7,015",57
S02001262,Ashgrove,Aberdeen City,0,"3,774",0
S02001263,"Froghall, Powis and Sunnybank",Aberdeen City,0,"5,560",0
S02001264,Seaton,Aberdeen City,1,"4,498",22.2
S02001265,Old Aberdeen,Aberdeen City,0,"4,345",0
S02001266,Tillydrone,Aberdeen City,2,"5,512",36.3
S02001267,Woodside,Aberdeen City,17,"4,018",423.1
S02001268,Hilton,Aberdeen City,2,"6,101",32.8
S02001269,Stockethill,Aberdeen City,6,"5,378",111.6
S02001270,Mastrick,Aberdeen City,1,"4,677",21.4
S02001271,Sheddocksley,Aberdeen City,4,"4,843",82.6
S02001272,Cummings Park,Aberdeen City,3,"3,410",88
S02001273,Northfield,Aberdeen City,2,"5,364",37.3
S02001274,Heathryfold and Middlefield,Aberdeen City,2,"4,869",41.1
S02001275,Kingswells,Aberdeen City,7,"5,730",122.2
S02001276,Bucksburn South,Aberdeen City,2,"4,245",47.1
S02001277,Bucksburn North,Aberdeen City,5,"5,320",94
S02001278,Dyce,Aberdeen City,2,"5,251",38.1
S02001279,Danestone,Aberdeen City,7,"4,011",174.5
S02001280,Oldmachar West,Aberdeen City,2,"4,415",45.3
S02001281,Oldmachar East,Aberdeen City,1,"4,833",20.7
S02001282,Balgownie and Donmouth West,Aberdeen City,4,"3,590",111.4
S02001283,Balgownie and Donmouth East,Aberdeen City,2,"2,629",76.1
S02001284,Denmore,Aberdeen City,2,"3,745",53.4
S02001285,East Cairngorms,Aberdeenshire,0,"3,013",0
S02001286,Aboyne and South Deeside,Aberdeenshire,0,"5,301",0
S02001287,Mearns and Laurencekirk,Aberdeenshire,2,"4,407",45.4
S02001288,Mearns South and Benholm,Aberdeenshire,0,"4,071",0
S02001289,Mearns North and Inverbervie,Aberdeenshire,1,"5,707",17.5
S02001290,"Fetteresso, Netherley and Catter",Aberdeenshire,0,"4,493",0
S02001291,Stonehaven South,Aberdeenshire,0,"5,257",0
S02001292,Stonehaven North,Aberdeenshire,0,"5,669",0
S02001293,Newtonhill,Aberdeenshire,0,"2,907",0
S02001294,Portlethen,Aberdeenshire,2,"4,277",46.8
S02001295,Banchory-Devenick and Findon,Aberdeenshire,1,"5,910",16.9
S02001296,"Dunecht, Durris and Drumoak",Aberdeenshire,0,"5,099",0
S02001297,Banchory East,Aberdeenshire,1,"4,168",24
S02001298,Banchory West,Aberdeenshire,2,"2,932",68.2
S02001299,Crathes and Torphins,Aberdeenshire,1,"4,286",23.3
S02001300,Cromar and Kildrummy,Aberdeenshire,0,"4,024",0
S02001301,Howe of Alford,Aberdeenshire,0,"6,295",0
S02001302,Kemnay,Aberdeenshire,1,"3,504",28.5
S02001303,Inverurie North,Aberdeenshire,4,"5,390",74.2
S02001304,Inverurie South,Aberdeenshire,2,"5,284",37.9
S02001305,Durno-Chapel of Garioch,Aberdeenshire,1,"6,747",14.8
S02001306,Kintore,Aberdeenshire,2,"5,956",33.6
S02001307,Blackburn,Aberdeenshire,0,"3,442",0
S02001308,Westhill North and South,Aberdeenshire,11,"5,082",216.5
S02001309,Westhill Central,Aberdeenshire,1,"3,830",26.1
S02001310,Garlogie and Elrick,Aberdeenshire,0,"3,928",0
S02001311,Newmachar and Fintray,Aberdeenshire,1,"4,213",23.7
S02001312,Balmedie and Potterton,Aberdeenshire,2,"5,377",37.2
S02001313,Ellon East,Aberdeenshire,2,"6,069",33
S02001314,Ellon West,Aberdeenshire,0,"4,051",0
S02001315,Ythanside,Aberdeenshire,0,"4,573",0
S02001316,Ythsie,Aberdeenshire,3,"6,106",49.1
S02001317,Barrahill,Aberdeenshire,0,"5,005",0
S02001318,Fyvie-Rothie,Aberdeenshire,2,"3,915",51.1
S02001319,"Insch, Oyne and Ythanwells",Aberdeenshire,4,"5,087",78.6
S02001320,Clashindarroch,Aberdeenshire,2,"4,658",42.9
S02001321,Huntly,Aberdeenshire,0,"4,214",0
S02001322,Auchterless and Monquhitter,Aberdeenshire,1,"2,872",34.8
S02001323,Turriff,Aberdeenshire,3,"4,525",66.3
S02001324,"Portsoy, Fordyce and Cornhill",Aberdeenshire,1,"3,198",31.3
S02001325,Aberchirder and Whitehills,Aberdeenshire,0,"3,778",0
S02001326,Banff,Aberdeenshire,2,"4,134",48.4
S02001327,Macduff,Aberdeenshire,1,"3,869",25.8
S02001328,Gardenstown and King Edward,Aberdeenshire,1,"3,135",31.9
S02001329,New Pitsligo,Aberdeenshire,0,"2,965",0
S02001330,Deer and Mormond,Aberdeenshire,3,"5,064",59.2
S02001331,Mintlaw,Aberdeenshire,1,"2,598",38.5
S02001332,Auchnagatt,Aberdeenshire,0,"3,140",0
S02001333,Cruden,Aberdeenshire,2,"4,421",45.2
S02001334,Peterhead Links,Aberdeenshire,2,"4,514",44.3
S02001335,Peterhead Bay,Aberdeenshire,2,"2,487",80.4
S02001336,Peterhead Harbour,Aberdeenshire,22,"6,150",357.7
S02001337,Peterhead Ugieside,Aberdeenshire,3,"4,191",71.6
S02001338,Longside and Rattray,Aberdeenshire,7,"7,369",95
S02001339,Rosehearty and Strathbeg,Aberdeenshire,3,"6,293",47.7
S02001340,Fraserburgh Smiddyhill,Aberdeenshire,2,"4,121",48.5
S02001341,Fraserburgh Lochpots,Aberdeenshire,2,"2,350",85.1
S02001342,Fraserburgh Central-Academy,Aberdeenshire,4,"2,569",155.7
S02001343,Fraserburgh Harbour and Broadsea,Aberdeenshire,1,"3,480",28.7
S02001344,South Angus,Angus,2,"5,535",36.1
S02001345,Monikie,Angus,12,"6,253",191.9
S02001346,Monifieth West,Angus,1,"2,783",35.9
S02001347,Monifieth East,Angus,4,"4,934",81.1
S02001348,Carnoustie West,Angus,7,"5,317",131.7
S02001349,Carnoustie East,Angus,3,"5,342",56.2
S02001350,Arbroath Landward,Angus,0,"2,891",0
S02001351,Arbroath Kirkton,Angus,1,"5,493",18.2
S02001352,Arbroath Keptie,Angus,2,"3,621",55.2
S02001353,Arbroath Harbour,Angus,1,"4,713",21.2
S02001354,Arbroath Cliffburn,Angus,0,"5,040",0
S02001355,Arbroath Warddykes,Angus,2,"4,605",43.4
S02001356,Lunan,Angus,2,"2,883",69.4
S02001357,Montrose South,Angus,10,"5,482",182.4
S02001358,Montrose North,Angus,2,"4,739",42.2
S02001359,Hillside,Angus,1,"3,783",26.4
S02001360,Friockheim,Angus,0,"3,542",0
S02001361,Brechin East,Angus,0,"3,402",0
S02001362,Brechin West,Angus,1,"3,841",26
S02001363,Letham and Glamis,Angus,3,"5,403",55.5
S02001364,Forfar East,Angus,0,"4,406",0
S02001365,Forfar Central,Angus,2,"4,804",41.6
S02001366,Forfar West,Angus,5,"4,837",103.4
S02001367,Kirriemuir Landward,Angus,0,"2,852",0
S02001368,Kirriemuir,Angus,9,"5,979",150.5
S02001369,Angus Glens,Angus,1,"3,560",28.1
S02001370,"Mull, Iona, Coll and Tiree",Argyll and Bute,1,"3,837",26.1
S02001371,Oban South,Argyll and Bute,3,"5,766",52
S02001372,Oban North,Argyll and Bute,0,"2,631",0
S02001373,Benderloch Trail,Argyll and Bute,3,"5,543",54.1
S02001374,Loch Awe,Argyll and Bute,3,"2,228",134.6
S02001375,Mid Argyll,Argyll and Bute,2,"3,100",64.5
S02001376,Greater Lochgilphead,Argyll and Bute,2,"3,663",54.6
S02001377,Knapdale,Argyll and Bute,0,"2,438",0
S02001378,Whisky Isles,Argyll and Bute,0,"3,377",0
S02001379,Kintyre Trail,Argyll and Bute,0,"2,847",0
S02001380,Campbeltown,Argyll and Bute,4,"4,628",86.4
S02001381,Bute,Argyll and Bute,2,"2,461",81.3
S02001382,Rothesay Town,Argyll and Bute,3,"3,653",82.1
S02001383,Cowal South,Argyll and Bute,1,"2,661",37.6
S02001384,Cowal North,Argyll and Bute,2,"3,068",65.2
S02001385,Hunter's Quay,Argyll and Bute,19,"5,021",378.4
S02001386,Dunoon,Argyll and Bute,6,"4,319",138.9
S02001387,Garelochhead,Argyll and Bute,2,"6,749",29.6
S02001388,Helensburgh West and Rhu,Argyll and Bute,4,"4,205",95.1
S02001389,Helensburgh North,Argyll and Bute,4,"4,217",94.9
S02001390,Helensburgh Centre,Argyll and Bute,0,"2,928",0
S02001391,Helensburgh East,Argyll and Bute,1,"3,947",25.3
S02001392,Lomond Shore,Argyll and Bute,2,"2,973",67.3
S02001393,Tullibody South,Clackmannanshire,15,"4,280",350.5
S02001394,Tullibody North and Glenochil,Clackmannanshire,0,"5,403",0
S02001395,Menstrie,Clackmannanshire,1,"2,883",34.7
S02001396,Alva,Clackmannanshire,1,"4,664",21.4
S02001397,"Fishcross, Devon Village and Coalsnaughton",Clackmannanshire,1,"2,254",44.4
S02001398,Tillicoultry,Clackmannanshire,4,"4,674",85.6
S02001399,Dollar and Muckhart,Clackmannanshire,0,"3,598",0
S02001400,"Clackmannan, Kennet and Forestmill",Clackmannanshire,4,"4,907",81.5
S02001401,Sauchie,Clackmannanshire,11,"5,166",212.9
S02001402,Alloa South and East,Clackmannanshire,3,"4,539",66.1
S02001403,Alloa North,Clackmannanshire,2,"5,692",35.1
S02001404,Alloa West,Clackmannanshire,1,"3,340",29.9
S02001405,Stranraer West,Dumfries and Galloway,0,"3,776",0
S02001406,Stranraer East,Dumfries and Galloway,1,"2,620",38.2
S02001407,Stranraer South,Dumfries and Galloway,0,"3,418",0
S02001408,Rhins North,Dumfries and Galloway,3,"3,556",84.4
S02001409,Rhins South,Dumfries and Galloway,0,"2,091",0
S02001410,Machars North,Dumfries and Galloway,1,"2,525",39.6
S02001411,Machars South,Dumfries and Galloway,2,"4,943",40.5
S02001412,Newton Stewart,Dumfries and Galloway,3,"5,363",55.9
S02001413,Gatehouse,Dumfries and Galloway,0,"3,571",0
S02001414,Kirkcudbright,Dumfries and Galloway,0,"5,298",0
S02001415,Castle Douglas,Dumfries and Galloway,1,"4,827",20.7
S02001416,Dalbeattie,Dumfries and Galloway,1,"4,145",24.1
S02001417,Dalbeattie Rural,Dumfries and Galloway,0,"2,373",0
S02001418,Glenkens,Dumfries and Galloway,1,"3,724",26.9
S02001419,Upper Nithsdale,Dumfries and Galloway,0,"4,615",0
S02001420,Thornhill,Dumfries and Galloway,2,"4,068",49.2
S02001421,Mid Nithsdale,Dumfries and Galloway,1,"4,504",22.2
S02001422,Shawhead,Dumfries and Galloway,1,"3,572",28
S02001423,Lochside and Lincluden,Dumfries and Galloway,0,"5,688",0
S02001424,Summerville,Dumfries and Galloway,3,"4,597",65.3
S02001425,Troqueer,Dumfries and Galloway,1,"3,527",28.4
S02001426,New Abbey,Dumfries and Galloway,1,"3,327",30.1
S02001427,Kingholm,Dumfries and Galloway,0,"3,119",0
S02001428,Calside,Dumfries and Galloway,0,"2,691",0
S02001429,Georgetown,Dumfries and Galloway,0,"2,762",0
S02001430,Dumfries Central,Dumfries and Galloway,0,"3,291",0
S02001431,Nunholm,Dumfries and Galloway,0,"3,402",0
S02001432,Locharbriggs,Dumfries and Galloway,0,"2,931",0
S02001433,Heathhall,Dumfries and Galloway,1,"2,808",35.6
S02001434,Collin,Dumfries and Galloway,2,"3,804",52.6
S02001435,Lochmaben,Dumfries and Galloway,2,"3,321",60.2
S02001436,Lockerbie,Dumfries and Galloway,11,"4,979",220.9
S02001437,Moffat,Dumfries and Galloway,1,"3,742",26.7
S02001438,Langholm and Eskdale,Dumfries and Galloway,2,"3,708",53.9
S02001439,Annandale East,Dumfries and Galloway,2,"3,940",50.8
S02001440,Annandale West,Dumfries and Galloway,1,"2,527",39.6
S02001441,Annan West,Dumfries and Galloway,0,"3,090",0
S02001442,Annan East,Dumfries and Galloway,1,"5,574",17.9
S02001443,Eastriggs,Dumfries and Galloway,2,"2,931",68.2
S02001444,Gretna,Dumfries and Galloway,0,"4,042",0
S02001445,Westend,Dundee City,5,"5,668",88.2
S02001446,Perth Road,Dundee City,14,"7,381",189.7
S02001447,Logie and Blackness,Dundee City,9,"5,680",158.5
S02001448,City Centre,Dundee City,2,"5,061",39.5
S02001449,Docks and Wellgate,Dundee City,9,"5,512",163.3
S02001450,Hilltown,Dundee City,3,"4,688",64
S02001451,The Glens,Dundee City,4,"4,793",83.5
S02001452,Stobswell,Dundee City,1,"5,632",17.8
S02001453,Baxter Park,Dundee City,5,"3,242",154.2
S02001454,Craigie and  Craigiebank,Dundee City,5,"4,310",116
S02001455,Douglas West,Dundee City,0,"4,432",0
S02001456,West Ferry,Dundee City,5,"3,165",158
S02001457,Douglas East,Dundee City,5,"2,778",180
S02001458,Broughty Ferry West,Dundee City,11,"5,146",213.8
S02001459,Broughty Ferry East,Dundee City,2,"3,736",53.5
S02001460,Barnhill,Dundee City,2,"4,443",45
S02001461,West Pitkerro,Dundee City,12,"6,595",182
S02001462,Whitfield,Dundee City,2,"6,137",32.6
S02001463,Fintry,Dundee City,11,"6,319",174.1
S02001464,Linlathen and Midcraigie,Dundee City,15,"5,202",288.4
S02001465,Caird Park,Dundee City,2,"3,307",60.5
S02001466,Kirkton,Dundee City,5,"4,026",124.2
S02001467,Downfield,Dundee City,4,"4,847",82.5
S02001468,Fairmuir,Dundee City,3,"3,647",82.3
S02001469,Law,Dundee City,5,"4,817",103.8
S02001470,Balgay,Dundee City,5,"3,725",134.2
S02001471,Menzieshill,Dundee City,7,"4,501",155.5
S02001472,Charleston,Dundee City,2,"4,226",47.3
S02001473,Lochee,Dundee City,3,"5,552",54
S02001474,Ardler and St Marys,Dundee City,2,"6,104",32.8
S02001475,Western Edge,Dundee City,0,"4,078",0
S02001476,Doon Valley South,East Ayrshire,6,"3,172",189.2
S02001477,Doon Valley North,East Ayrshire,3,"4,178",71.8
S02001478,Mauchline Rural,East Ayrshire,1,"4,937",20.3
S02001479,Drongan,East Ayrshire,2,"3,125",64
S02001480,Mauchline,East Ayrshire,3,"3,913",76.7
S02001481,Cumnock Rural,East Ayrshire,1,"4,673",21.4
S02001482,New Cumnock,East Ayrshire,8,"2,660",300.8
S02001483,Cumnock South and Craigens,East Ayrshire,5,"4,798",104.2
S02001484,Cumnock North,East Ayrshire,4,"3,859",103.7
S02001485,Auchinleck,East Ayrshire,0,"3,661",0
S02001486,Northern and Irvine Valley Rural,East Ayrshire,1,"6,076",16.5
S02001487,Stewarton East,East Ayrshire,1,"4,120",24.3
S02001488,Stewarton West,East Ayrshire,0,"2,472",0
S02001489,Darvel,East Ayrshire,1,"3,854",25.9
S02001490,Newmilns,East Ayrshire,0,"2,779",0
S02001491,Galston,East Ayrshire,0,"4,744",0
S02001492,Earlston and Hurlford Rural,East Ayrshire,1,"5,610",17.8
S02001493,Shortlees,East Ayrshire,1,"4,438",22.5
S02001494,Bellfield and Kirkstyle,East Ayrshire,4,"4,168",96
S02001495,Kilmarnock South Central and Caprington,East Ayrshire,2,"2,824",70.8
S02001496,Piersland,East Ayrshire,2,"3,211",62.3
S02001497,New Farm Loch South,East Ayrshire,2,"2,803",71.4
S02001498,Dean and New Farm Loch North,East Ayrshire,0,"3,617",0
S02001499,Southcraig and Beansburn,East Ayrshire,1,"5,854",17.1
S02001500,Altonhill North and Onthank,East Ayrshire,14,"4,558",307.2
S02001501,"Altonhill South, Longpark and Hillhead",East Ayrshire,2,"4,726",42.3
S02001502,Bonnyton and Town Centre,East Ayrshire,2,"3,880",51.5
S02001503,"Grange, Howard and Gargieston",East Ayrshire,1,"5,926",16.9
S02001504,"Crosshouse, Gatehead and Kilmaurs Rural",East Ayrshire,5,"4,503",111
S02001505,Kilmaurs,East Ayrshire,0,"2,701",0
S02001506,West Clober and Mains Estate,East Dunbartonshire,0,"2,744",0
S02001507,East Clober and Mains Estate,East Dunbartonshire,8,"3,442",232.4
S02001508,Barloch,East Dunbartonshire,2,"3,323",60.2
S02001509,Keystone and Dougalston,East Dunbartonshire,3,"4,028",74.5
S02001510,Kilmardinny East,East Dunbartonshire,0,"3,067",0
S02001511,Kilmardinny West,East Dunbartonshire,7,"3,806",183.9
S02001512,North Castlehill and Thorn,East Dunbartonshire,25,"4,467",559.7
S02001513,South Castlehill and Thorn,East Dunbartonshire,5,"4,163",120.1
S02001514,Westerton West,East Dunbartonshire,3,"2,854",105.1
S02001515,Westerton East,East Dunbartonshire,22,"3,643",603.9
S02001516,Kessington West,East Dunbartonshire,1,"3,242",30.8
S02001517,Kessington East,East Dunbartonshire,1,"2,907",34.4
S02001518,Torrance and Balmore,East Dunbartonshire,1,"2,766",36.2
S02001519,Bishopbriggs North and Kenmure,East Dunbartonshire,7,"5,100",137.3
S02001520,Bishopbriggs West and Cadder,East Dunbartonshire,4,"6,514",61.4
S02001521,Auchinairn,East Dunbartonshire,2,"5,695",35.1
S02001522,Woodhill East,East Dunbartonshire,1,"2,425",41.2
S02001523,Woodhill West,East Dunbartonshire,3,"4,112",73
S02001524,Lenzie North,East Dunbartonshire,1,"5,106",19.6
S02001525,Lenzie South,East Dunbartonshire,1,"3,253",30.7
S02001526,Kirkintilloch South,East Dunbartonshire,2,"3,433",58.3
S02001527,Kirkintilloch West,East Dunbartonshire,9,"4,220",213.3
S02001528,Hillhead,East Dunbartonshire,1,"4,176",23.9
S02001529,Rosebank and Waterside,East Dunbartonshire,1,"5,190",19.3
S02001530,Twechar and Harestanes East,East Dunbartonshire,1,"2,808",35.6
S02001531,Harestanes,East Dunbartonshire,3,"3,173",94.5
S02001532,Milton of Campsie,East Dunbartonshire,7,"4,022",174
S02001533,Lennoxtown,East Dunbartonshire,9,"4,651",193.5
S02001534,IZ01,East Lothian,12,"6,875",174.5
S02001535,IZ02,East Lothian,1,"4,514",22.2
S02001536,IZ03,East Lothian,2,"2,981",67.1
S02001537,IZ04,East Lothian,2,"4,897",40.8
S02001538,IZ05,East Lothian,5,"4,677",106.9
S02001539,IZ06,East Lothian,0,"2,341",0
S02001540,IZ07,East Lothian,2,"5,630",35.5
S02001541,IZ08,East Lothian,2,"4,297",46.5
S02001542,IZ09,East Lothian,0,"5,710",0
S02001543,IZ10,East Lothian,17,"6,732",252.5
S02001544,IZ11,East Lothian,2,"5,993",33.4
S02001545,IZ12,East Lothian,1,"2,950",33.9
S02001546,IZ13,East Lothian,1,"5,770",17.3
S02001547,IZ14,East Lothian,14,"6,008",233
S02001548,IZ15,East Lothian,4,"4,335",92.3
S02001549,IZ16,East Lothian,4,"4,749",84.2
S02001550,IZ17,East Lothian,1,"4,327",23.1
S02001551,IZ18,East Lothian,3,"3,262",92
S02001552,IZ19,East Lothian,0,"4,477",0
S02001553,IZ20,East Lothian,1,"5,267",19
S02001554,IZ21,East Lothian,2,"5,349",37.4
S02001555,IZ22,East Lothian,1,"4,649",21.5
S02001556,Neilston and Uplawmoor,East Renfrewshire,2,"6,318",31.7
S02001557,Cross Stobbs,East Renfrewshire,6,"3,479",172.5
S02001558,"Dunterlie, East Arthurlie and Dovecothall",East Renfrewshire,10,"6,174",162
S02001559,Arthurlie and Gateside,East Renfrewshire,3,"3,959",75.8
S02001560,Auchenback,East Renfrewshire,1,"4,174",24
S02001561,Crookfur and Fruin,East Renfrewshire,10,"8,319",120.2
S02001562,"Mearns Village, Westacres and Greenfarm",East Renfrewshire,14,"6,190",226.2
S02001563,Whitecraigs and Broom,East Renfrewshire,1,"3,894",25.7
S02001564,Mearnskirk and South Kirkhill,East Renfrewshire,4,"6,385",62.6
S02001565,Eaglesham and Waterfoot,East Renfrewshire,3,"5,058",59.3
S02001566,North Kirkhill,East Renfrewshire,2,"3,477",57.5
S02001567,Busby,East Renfrewshire,11,"3,669",299.8
S02001568,Clarkston and Sheddens,East Renfrewshire,3,"6,219",48.2
S02001569,Williamwood,East Renfrewshire,1,"3,258",30.7
S02001570,Stamperland,East Renfrewshire,3,"3,719",80.7
S02001571,Netherlee,East Renfrewshire,3,"4,697",63.9
S02001572,Merrylee and Braidbar,East Renfrewshire,1,"4,876",20.5
S02001573,Lower Whitecraigs and South Giffnock,East Renfrewshire,9,"3,408",264.1
S02001574,North Giffnock and North Thornliebank,East Renfrewshire,6,"3,814",157.3
S02001575,South Thornliebank and Woodfarm,East Renfrewshire,2,"4,083",49
S02001576,Balerno and Bonnington Village,City of Edinburgh,2,"5,802",34.5
S02001577,Currie West,City of Edinburgh,2,"6,034",33.1
S02001578,Currie East,City of Edinburgh,0,"3,467",0
S02001579,Baberton and Juniper Green,City of Edinburgh,2,"4,333",46.2
S02001580,Bonaly and The Pentlands,City of Edinburgh,0,"4,741",0
S02001581,Colinton and Kingsknowe,City of Edinburgh,8,"4,773",167.6
S02001582,Clovenstone and Wester Hailes,City of Edinburgh,10,"3,685",271.4
S02001583,The Calders,City of Edinburgh,2,"4,561",43.9
S02001584,Murrayburn and Wester Hailes North,City of Edinburgh,2,"3,794",52.7
S02001585,Parkhead and Sighthill,City of Edinburgh,2,"3,130",63.9
S02001586,Broomhouse and Bankhead,City of Edinburgh,15,"3,730",402.1
S02001587,Stenhouse and Saughton Mains,City of Edinburgh,3,"5,925",50.6
S02001588,Longstone and Saughton,City of Edinburgh,3,"4,570",65.6
S02001589,Slateford and Chesser,City of Edinburgh,1,"5,221",19.2
S02001590,Gorgie West,City of Edinburgh,2,"5,610",35.7
S02001591,Gorgie East,City of Edinburgh,2,"4,031",49.6
S02001592,Shandon,City of Edinburgh,4,"5,445",73.5
S02001593,Craiglockhart,City of Edinburgh,22,"5,110",430.5
S02001594,Morningside and Craighouse,City of Edinburgh,5,"4,749",105.3
S02001595,Greenbank and The Braids,City of Edinburgh,0,"4,367",0
S02001596,Colinton Mains and Firrhill,City of Edinburgh,1,"4,047",24.7
S02001597,Oxgangs,City of Edinburgh,1,"2,655",37.7
S02001598,Comiston and Swanston,City of Edinburgh,0,"5,096",0
S02001599,Fairmilehead,City of Edinburgh,0,"5,691",0
S02001600,Gilmerton South and the Murrays,City of Edinburgh,0,"3,193",0
S02001601,Mortonhall and Anwickhill,City of Edinburgh,1,"2,540",39.4
S02001602,"Gracemount, Southhouse and Burdiehouse",City of Edinburgh,4,"5,882",68
S02001603,Hyvots and Gilmerton,City of Edinburgh,1,"3,842",26
S02001604,Fernieside and Moredun South,City of Edinburgh,2,"4,285",46.7
S02001605,Moredun and Craigour,City of Edinburgh,8,"3,246",246.5
S02001606,Liberton East,City of Edinburgh,3,"3,196",93.9
S02001607,Liberton West and Braid Hills,City of Edinburgh,26,"3,483",746.5
S02001608,The Inch,City of Edinburgh,5,"5,041",99.2
S02001609,"Blackford, West Mains and Mayfield Road",City of Edinburgh,16,"6,957",230
S02001610,Prestonfield,City of Edinburgh,2,"3,354",59.6
S02001611,Newington and Dalkeith Road,City of Edinburgh,1,"6,368",15.7
S02001612,The Grange,City of Edinburgh,14,"5,905",237.1
S02001613,Marchmont East and Sciennes,City of Edinburgh,3,"5,012",59.9
S02001614,Marchmont West,City of Edinburgh,1,"4,726",21.2
S02001615,Morningside,City of Edinburgh,8,"6,097",131.2
S02001616,Merchiston and Greenhill,City of Edinburgh,12,"5,132",233.8
S02001617,Bruntsfield,City of Edinburgh,1,"6,078",16.5
S02001618,Polwarth,City of Edinburgh,1,"4,755",21
S02001619,Dalry and Fountainbridge,City of Edinburgh,2,"7,941",25.2
S02001620,Tollcross,City of Edinburgh,1,"6,254",16
S02001621,Meadows and Southside,City of Edinburgh,1,"7,974",12.5
S02001622,"Old Town, Princes Street and Leith Street",City of Edinburgh,0,"6,607",0
S02001623,"Canongate, Southside and Dumbiedykes",City of Edinburgh,0,"8,793",0
S02001624,Abbeyhill,City of Edinburgh,0,"2,893",0
S02001625,Meadowbank and Abbeyhill North,City of Edinburgh,3,"5,061",59.3
S02001626,Willowbrae and Duddingston Village,City of Edinburgh,2,"5,150",38.8
S02001627,Craigmillar,City of Edinburgh,6,"4,977",120.6
S02001628,Niddrie,City of Edinburgh,8,"4,615",173.3
S02001629,"Bingham, Magdalene and The Christians",City of Edinburgh,8,"3,695",216.5
S02001630,"Jewel, Brunstane and Newcraighall",City of Edinburgh,1,"4,075",24.5
S02001631,Joppa,City of Edinburgh,11,"5,293",207.8
S02001632,Portobello,City of Edinburgh,2,"4,266",46.9
S02001633,Duddingston and Portobello South,City of Edinburgh,2,"4,107",48.7
S02001634,Mountcastle,City of Edinburgh,0,"2,569",0
S02001635,Northfield and Piershill,City of Edinburgh,2,"3,620",55.2
S02001636,Craigentinny,City of Edinburgh,0,"2,842",0
S02001637,Restalrig (Loganlea) and Craigentinny West,City of Edinburgh,4,"3,439",116.3
S02001638,Restalrig and Lochend,City of Edinburgh,10,"4,376",228.5
S02001639,Leith (Hermitage and Prospect Bank),City of Edinburgh,4,"4,659",85.9
S02001640,Western Harbour and Leith Docks,City of Edinburgh,2,"4,208",47.5
S02001641,North Leith and Newhaven,City of Edinburgh,2,"5,421",36.9
S02001642,The Shore and Constitution Street,City of Edinburgh,1,"5,375",18.6
S02001643,Great Junction Street,City of Edinburgh,1,"5,539",18.1
S02001644,South Leith,City of Edinburgh,2,"5,484",36.5
S02001645,Easter Road and Hawkhill Avenue,City of Edinburgh,1,"3,704",27
S02001646,Leith (Albert Street),City of Edinburgh,16,"3,550",450.7
S02001647,Hillside and Calton Hill,City of Edinburgh,1,"5,691",17.6
S02001648,Pilrig,City of Edinburgh,1,"3,503",28.5
S02001649,Bonnington,City of Edinburgh,12,"3,782",317.3
S02001650,Trinity East and The Dudleys,City of Edinburgh,4,"3,833",104.4
S02001651,Trinity,City of Edinburgh,6,"4,752",126.3
S02001652,"Inverleith, Goldenacre and Warriston",City of Edinburgh,7,"3,891",179.9
S02001653,Broughton North and Powderhall,City of Edinburgh,0,"4,274",0
S02001654,Broughton South,City of Edinburgh,2,"4,729",42.3
S02001655,New Town East and Gayfield,City of Edinburgh,0,"2,861",0
S02001656,New Town West,City of Edinburgh,0,"3,376",0
S02001657,Canonmills and New Town North,City of Edinburgh,0,"3,229",0
S02001658,Stockbridge,City of Edinburgh,0,"5,780",0
S02001659,Comely Bank,City of Edinburgh,2,"4,150",48.2
S02001660,Deans Village,City of Edinburgh,0,"6,874",0
S02001661,Balgreen and Roseburn,City of Edinburgh,6,"4,386",136.8
S02001662,Murrayfield and Ravelston,City of Edinburgh,1,"4,479",22.3
S02001663,"Craigleith, Orchard Brae and Crewe Toll",City of Edinburgh,2,"4,741",42.2
S02001664,Blackhall,City of Edinburgh,2,"5,983",33.4
S02001665,Drylaw,City of Edinburgh,2,"4,804",41.6
S02001666,West Pilton,City of Edinburgh,5,"5,144",97.2
S02001667,Boswall and Pilton,City of Edinburgh,4,"5,644",70.9
S02001668,Granton South and Wardieburn,City of Edinburgh,0,"2,969",0
S02001669,Granton and Royston Mains,City of Edinburgh,12,"3,959",303.1
S02001670,Granton West and Salvesen,City of Edinburgh,1,"4,279",23.4
S02001671,Muirhouse,City of Edinburgh,1,"5,845",17.1
S02001672,Silverknowes and Davidson's Mains,City of Edinburgh,1,"4,555",22
S02001673,Cramond,City of Edinburgh,1,"2,790",35.8
S02001674,"Barnton, Cammo and Cramond South",City of Edinburgh,9,"4,011",224.4
S02001675,Clermiston and Drumbrae,City of Edinburgh,6,"6,180",97.1
S02001676,East Craigs North,City of Edinburgh,2,"4,266",46.9
S02001677,East Craigs South,City of Edinburgh,3,"5,280",56.8
S02001678,Corstorphine North,City of Edinburgh,2,"3,860",51.8
S02001679,Corstorphine,City of Edinburgh,9,"5,666",158.8
S02001680,Carrick Knowe,City of Edinburgh,1,"2,772",36.1
S02001681,Corstorphine South,City of Edinburgh,2,"4,507",44.4
S02001682,South Gyle,City of Edinburgh,0,"4,958",0
S02001683,"Ratho, Ingliston and Gogar",City of Edinburgh,3,"3,495",85.8
S02001684,"Dalmeny, Kirkliston and Newbridge",City of Edinburgh,2,"8,204",24.4
S02001685,Queensferry East,City of Edinburgh,2,"4,896",40.8
S02001686,Queensferry West,City of Edinburgh,0,"3,956",0
S02001687,Barra and South Uist,Na h-Eileanan Siar,0,"3,026",0
S02001688,Benbecula and North Uist,Na h-Eileanan Siar,0,"2,896",0
S02001689,Harris,Na h-Eileanan Siar,0,"1,836",0
S02001690,South Lewis,Na h-Eileanan Siar,0,"2,532",0
S02001691,Northwest Lewis,Na h-Eileanan Siar,0,"3,745",0
S02001692,Broadbay,Na h-Eileanan Siar,0,"3,620",0
S02001693,Stornoway West,Na h-Eileanan Siar,0,"3,213",0
S02001694,Stornoway East,Na h-Eileanan Siar,0,"2,793",0
S02001695,Point,Na h-Eileanan Siar,0,"3,169",0
S02001696,Dunipace,Falkirk,1,"3,200",31.3
S02001697,"Fankerton, Stoneywood and Denny Town",Falkirk,0,"4,631",0
S02001698,Denny - Nethermains,Falkirk,2,"4,091",48.9
S02001699,Head of Muir and Dennyloanhead,Falkirk,1,"3,057",32.7
S02001700,"Banknock, Haggs and Longcroft",Falkirk,1,"4,064",24.6
S02001701,Bonnybridge,Falkirk,4,"4,851",82.5
S02001702,High Bonnybridge and Greenhill,Falkirk,2,"3,730",53.6
S02001703,Larbert - North Broomage and Inches,Falkirk,2,"6,986",28.6
S02001704,Larbert - South Broomage and Village,Falkirk,1,"3,886",25.7
S02001705,Stenhousemuir West,Falkirk,0,"3,157",0
S02001706,Stenhousemuir East,Falkirk,3,"3,436",87.3
S02001707,Stenhousemuir - Antonshill,Falkirk,3,"3,272",91.7
S02001708,Carron,Falkirk,3,"2,633",113.9
S02001709,Carronshore,Falkirk,1,"2,701",37
S02001710,Carse and Grangemouth Old Town,Falkirk,7,"4,655",150.4
S02001711,Falkirk - Bainsford and Langlees,Falkirk,0,"3,794",0
S02001712,Falkirk - Merchiston and New Carron Village,Falkirk,19,"4,721",402.5
S02001713,Falkirk - Grahamston,Falkirk,3,"3,381",88.7
S02001714,Falkirk - Middlefield,Falkirk,1,"4,656",21.5
S02001715,Falkirk - Town Centre and Callendar Park,Falkirk,4,"3,512",113.9
S02001716,Falkirk - Bantaskin,Falkirk,5,"3,572",140
S02001717,Falkirk - Camelon East,Falkirk,17,"3,000",566.7
S02001718,Falkirk - Camelon West,Falkirk,4,"2,752",145.3
S02001719,Falkirk - Tamfourhill,Falkirk,3,"2,739",109.5
S02001720,Falkirk - Lochgreen and Lionthorn,Falkirk,1,"3,739",26.7
S02001721,Hallglen and Glen Village,Falkirk,0,"3,139",0
S02001722,Shieldhill,Falkirk,1,"2,458",40.7
S02001723,Braes Villages,Falkirk,4,"4,734",84.5
S02001724,Reddingmuirhead and Overton,Falkirk,1,"4,903",20.4
S02001725,Brightons and Wallacestone,Falkirk,3,"4,158",72.2
S02001726,Maddiston and Rumford,Falkirk,4,"5,211",76.8
S02001727,Polmont,Falkirk,4,"4,044",98.9
S02001728,Redding,Falkirk,2,"3,263",61.3
S02001729,Laurieston and Westquarter,Falkirk,0,"3,254",0
S02001730,Grangemouth - Newlands,Falkirk,1,"4,713",21.2
S02001731,Grangemouth - Town Centre,Falkirk,3,"3,014",99.5
S02001732,Grangemouth - Kersiebank,Falkirk,1,"4,110",24.3
S02001733,Grangemouth - Bowhouse,Falkirk,1,"3,658",27.3
S02001734,Bo'ness - Douglas,Falkirk,3,"4,285",70
S02001735,Bo'ness - Newtown,Falkirk,2,"3,078",65
S02001736,Bo'ness - Kinneil,Falkirk,2,"3,111",64.3
S02001737,"Blackness, Bo'ness - Carriden and Grahamsdyke",Falkirk,5,"4,991",100.2
S02001738,Kincardine,Fife,8,"2,996",267
S02001739,Oakley Comrie and Blairhall,Fife,6,"3,983",150.6
S02001740,Saline and Gowkhall,Fife,4,"3,284",121.8
S02001741,Valleyfield Culross and Torryburn,Fife,1,"3,585",27.9
S02001742,Cairneyhill and Crombie,Fife,0,"2,832",0
S02001743,Crossford Charlestown and Limekilns,Fife,3,"4,263",70.4
S02001744,Dunfermline Milesmark and Wellwood,Fife,1,"3,743",26.7
S02001745,Dunfermline Baldridgeburn,Fife,2,"3,710",53.9
S02001746,Dunfermline Headwell,Fife,2,"4,622",43.3
S02001747,Dunfermline Central,Fife,3,"3,155",95.1
S02001748,Dunfermline Brucefield,Fife,1,"3,283",30.5
S02001749,Dunfermline Garvock Hill,Fife,1,"3,001",33.3
S02001750,Dunfermline Bellyeoman and Townhill,Fife,4,"5,240",76.3
S02001751,Dunfermline Duloch North and Lynebank,Fife,0,"5,577",0
S02001752,Dunfermline Touch and Woodmill,Fife,1,"2,940",34
S02001753,Dunfermline Abbeyview North,Fife,0,"3,890",0
S02001754,Dunfermline Abbeyview South,Fife,3,"2,867",104.6
S02001755,Dunfermline Duloch South,Fife,0,"3,990",0
S02001756,Dunfermline Masterton,Fife,1,"3,142",31.8
S02001757,Dunfermline Pitcorthie East,Fife,1,"3,698",27
S02001758,Dunfermline Pitcorthie West,Fife,0,"2,503",0
S02001759,Rosyth North,Fife,2,"2,961",67.5
S02001760,Rosyth East,Fife,3,"3,027",99.1
S02001761,Rosyth Central,Fife,3,"3,540",84.7
S02001762,Rosyth South,Fife,6,"3,982",150.7
S02001763,North Queensferry and Inverkeithing West,Fife,0,"3,111",0
S02001764,Inverkeithing East,Fife,1,"2,802",35.7
S02001765,Dalgety Bay West and Hillend,Fife,1,"2,599",38.5
S02001766,Dalgety Bay Central,Fife,3,"4,316",69.5
S02001767,Dalgety Bay East,Fife,1,"2,567",39
S02001768,Crossgates and Halbeath,Fife,0,"3,500",0
S02001769,Hill of Beath and Kingseat,Fife,2,"3,209",62.3
S02001770,Cowdenbeath South,Fife,2,"3,101",64.5
S02001771,Cowdenbeath North,Fife,12,"4,957",242.1
S02001772,Kelty West,Fife,1,"2,663",37.6
S02001773,Kelty East,Fife,2,"3,924",51
S02001774,Lochore and Crosshill,Fife,0,"2,806",0
S02001775,Ballingry,Fife,2,"2,916",68.6
S02001776,Cardenden,Fife,9,"6,234",144.4
S02001777,Lochgelly East,Fife,1,"4,341",23
S02001778,Lochgelly West and Lumphinnans,Fife,1,"3,169",31.6
S02001779,Aberdour and Auchtertool,Fife,1,"3,500",28.6
S02001780,Burntisland West,Fife,2,"4,155",48.1
S02001781,Burntisland East,Fife,0,"2,549",0
S02001782,Kinghorn,Fife,1,"2,768",36.1
S02001783,Kirkcaldy Linktown & Seafield,Fife,3,"4,486",66.9
S02001784,Kirkcaldy Central,Fife,13,"3,253",399.6
S02001785,Kirkcaldy Bennochy East,Fife,2,"2,968",67.4
S02001786,Kirkcaldy Bennochy West,Fife,2,"2,884",69.3
S02001787,Kirkcaldy Raith,Fife,1,"2,519",39.7
S02001788,Kirkcaldy Newliston and Redcraigs,Fife,2,"2,977",67.2
S02001789,Kirkcaldy Templehall West,Fife,1,"3,014",33.2
S02001790,Kirkcaldy Templehall East,Fife,0,"4,845",0
S02001791,Kirkcaldy Dunnikier,Fife,2,"3,216",62.2
S02001792,Kirkcaldy Chapel,Fife,0,"5,396",0
S02001793,Kirkcaldy Hayfield and Smeaton,Fife,6,"3,663",163.8
S02001794,Kirkcaldy Pathhead,Fife,3,"2,974",100.9
S02001795,Kirkcaldy Gallatown and Sinclairtown,Fife,2,"4,393",45.5
S02001796,Dysart,Fife,2,"3,666",54.6
S02001797,Wemyss,Fife,0,"3,153",0
S02001798,Thornton and Kinglassie,Fife,0,"4,245",0
S02001799,Leslie and Newcastle,Fife,1,"4,192",23.9
S02001800,Glenrothes Macedonia and Tanshall,Fife,1,"4,099",24.4
S02001801,Glenrothes South Parks,Fife,2,"2,213",90.4
S02001802,Glenrothes Caskieberran and Rimbleton,Fife,1,"4,436",22.5
S02001803,Glenrothes Auchmuty,Fife,0,"3,320",0
S02001804,Glenrothes Stenton and Finglassie,Fife,0,"3,405",0
S02001805,Glenrothes Pitteuchar,Fife,2,"5,001",40
S02001806,Glenrothes Woodside,Fife,0,"2,711",0
S02001807,Glenrothes Balgeddie and Town Park,Fife,2,"3,584",55.8
S02001808,Glenrothes Collydean,Fife,0,"2,191",0
S02001809,Glenrothes Cadham and Pitcoudie,Fife,0,"2,057",0
S02001810,Glenrothes Balfarg Pitcairn and Coul,Fife,4,"2,795",143.1
S02001811,Markinch and Star,Fife,1,"4,254",23.5
S02001812,Windygates and Coaltown,Fife,0,"3,345",0
S02001813,"Buckhaven, Denbeath and Muiredge",Fife,0,"4,583",0
S02001814,Methil Methilhill,Fife,1,"4,425",22.6
S02001815,Methil West,Fife,3,"2,419",124
S02001816,Methil East,Fife,1,"3,434",29.1
S02001817,Leven East,Fife,1,"2,987",33.5
S02001818,Leven West,Fife,5,"3,583",139.5
S02001819,Leven North,Fife,1,"2,591",38.6
S02001820,Largo,Fife,0,"2,882",0
S02001821,Kennoway and Bonnybank,Fife,0,"5,524",0
S02001822,Kettle and Ladybank,Fife,1,"4,196",23.8
S02001823,Falkland and Freuchie,Fife,0,"2,576",0
S02001824,Auchtermuchty and Gateside,Fife,4,"4,164",96.1
S02001825,Newburgh,Fife,2,"2,890",69.2
S02001826,Cupar West and Springfield,Fife,4,"4,052",98.7
S02001827,Cupar Central,Fife,1,"3,231",31
S02001828,Cupar East,Fife,1,"3,859",25.9
S02001829,Dairsie Ceres and Dunino,Fife,1,"2,851",35.1
S02001830,Elie Colinsburgh and Largoward,Fife,4,"2,268",176.4
S02001831,St Monans and Pittenweem,Fife,0,"2,669",0
S02001832,Anstruther,Fife,2,"4,301",46.5
S02001833,Crail and Boarhills,Fife,2,"2,432",82.2
S02001834,St Andrews South East,Fife,0,"4,288",0
S02001835,St Andrews Central,Fife,1,"6,448",15.5
S02001836,St Andrews South West,Fife,0,"4,350",0
S02001837,St Andrews North and Strathkinness,Fife,2,"4,864",41.1
S02001838,Leuchars and Guardbridge,Fife,0,"4,104",0
S02001839,Balmullo and Gauldry,Fife,1,"3,706",27
S02001840,Tayport,Fife,1,"3,740",26.7
S02001841,Newport and Wormit,Fife,2,"4,237",47.2
S02001842,Darnley East,Glasgow City,13,"5,166",251.6
S02001843,Darnley North,Glasgow City,4,"3,537",113.1
S02001844,Darnley West,Glasgow City,2,"5,414",36.9
S02001845,Nitshill,Glasgow City,7,"6,205",112.8
S02001846,Crookston South,Glasgow City,10,"3,196",312.9
S02001847,Crookston North,Glasgow City,3,"3,148",95.3
S02001848,Pollok South and West,Glasgow City,4,"6,185",64.7
S02001849,Pollok North and East,Glasgow City,9,"5,722",157.3
S02001850,Cardonald South and East,Glasgow City,9,"3,145",286.2
S02001851,Cardonald North,Glasgow City,3,"4,402",68.2
S02001852,Cardonald West and Central,Glasgow City,4,"5,198",77
S02001853,Penilee,Glasgow City,18,"5,299",339.7
S02001854,Hillington,Glasgow City,1,"3,462",28.9
S02001855,Drumoyne and Shieldhall,Glasgow City,5,"6,216",80.4
S02001856,Govan and Linthouse,Glasgow City,5,"6,078",82.3
S02001857,Craigton,Glasgow City,1,"3,507",28.5
S02001858,Mosspark,Glasgow City,3,"5,124",58.5
S02001859,Ibrox,Glasgow City,4,"3,591",111.4
S02001860,Ibrox East and Cessnock,Glasgow City,2,"3,189",62.7
S02001861,Kinning Park and Festival Park,Glasgow City,13,"4,399",295.5
S02001862,Kingston West and Dumbreck,Glasgow City,3,"3,621",82.9
S02001863,Pollokshields West,Glasgow City,2,"4,671",42.8
S02001864,Pollokshields East,Glasgow City,2,"4,916",40.7
S02001865,Govanhill West,Glasgow City,5,"5,678",88.1
S02001866,Govanhill East and Aikenhead,Glasgow City,1,"4,526",22.1
S02001867,Battlefield,Glasgow City,4,"5,123",78.1
S02001868,Strathbungo,Glasgow City,4,"5,822",68.7
S02001869,Maxwell Park,Glasgow City,7,"5,837",119.9
S02001870,Shawlands West,Glasgow City,2,"3,819",52.4
S02001871,Shawlands East,Glasgow City,1,"3,538",28.3
S02001872,Langside,Glasgow City,2,"4,519",44.3
S02001873,Pollokshaws,Glasgow City,5,"4,376",114.3
S02001874,Carnwadric West,Glasgow City,1,"4,255",23.5
S02001875,Carnwadric East,Glasgow City,2,"3,170",63.1
S02001876,Newlands,Glasgow City,5,"5,351",93.4
S02001877,Merrylee and Millbrae,Glasgow City,4,"3,427",116.7
S02001878,Muirend and Old Cathcart,Glasgow City,1,"4,675",21.4
S02001879,Carmunnock North,Glasgow City,0,"2,821",0
S02001880,Carmunnock South,Glasgow City,1,"3,763",26.6
S02001881,Glenwood South,Glasgow City,3,"4,989",60.1
S02001882,Glenwood North,Glasgow City,4,"4,378",91.4
S02001883,Castlemilk,Glasgow City,3,"4,859",61.7
S02001884,Kingspark South,Glasgow City,2,"4,007",49.9
S02001885,Kingspark North,Glasgow City,2,"4,166",48
S02001886,Cathcart,Glasgow City,12,"5,288",226.9
S02001887,Mount Florida,Glasgow City,3,"4,381",68.5
S02001888,Toryglen and Oatlands,Glasgow City,6,"6,586",91.1
S02001889,Gorbals and Hutchesontown,Glasgow City,4,"6,180",64.7
S02001890,Laurieston and Tradeston,Glasgow City,0,"5,804",0
S02001891,Calton and Gallowgate,Glasgow City,7,"4,448",157.4
S02001892,Bridgeton,Glasgow City,4,"4,054",98.7
S02001893,Dalmarnock,Glasgow City,2,"3,775",53
S02001894,Parkhead West and Barrowfield,Glasgow City,30,"7,344",408.5
S02001895,Parkhead East and Braidfauld North,Glasgow City,1,"3,547",28.2
S02001896,Braidfauld,Glasgow City,16,"6,560",243.9
S02001897,Shettleston South,Glasgow City,3,"3,846",78
S02001898,Carmyle and Mount Vernon South,Glasgow City,6,"2,625",228.6
S02001899,Mount Vernon North and Sandyhills,Glasgow City,2,"3,538",56.5
S02001900,Baillieston West,Glasgow City,4,"3,642",109.8
S02001901,Baillieston East,Glasgow City,6,"6,807",88.1
S02001902,Garrowhill West,Glasgow City,4,"4,092",97.8
S02001903,Garrowhill East and Swinton,Glasgow City,2,"4,234",47.2
S02001904,Easterhouse East,Glasgow City,3,"3,157",95
S02001905,Central Easterhouse,Glasgow City,2,"2,417",82.7
S02001906,"Garthamlock, Auchinlea and Gartloch",Glasgow City,1,"4,550",22
S02001907,North Barlanark and Easterhouse South,Glasgow City,1,"3,570",28
S02001908,Barlanark,Glasgow City,3,"4,814",62.3
S02001909,Greenfield,Glasgow City,9,"5,187",173.5
S02001910,Shettleston North,Glasgow City,5,"4,716",106
S02001911,Tollcross,Glasgow City,3,"3,932",76.3
S02001912,Old Shettleston and Parkhead North,Glasgow City,7,"4,702",148.9
S02001913,Carntyne,Glasgow City,6,"3,493",171.8
S02001914,"Cranhill, Lightburn and Queenslie South",Glasgow City,16,"6,481",246.9
S02001915,Craigend and Ruchazie,Glasgow City,4,"5,672",70.5
S02001916,Riddrie and Hogganfield,Glasgow City,6,"5,716",105
S02001917,Blackhill and Barmulloch East,Glasgow City,3,"4,608",65.1
S02001918,Robroyston and Millerston,Glasgow City,9,"6,229",144.5
S02001919,Balornock,Glasgow City,12,"3,378",355.2
S02001920,Barmulloch,Glasgow City,5,"3,081",162.3
S02001921,Petershill,Glasgow City,4,"3,580",111.7
S02001922,Springburn,Glasgow City,10,"4,501",222.2
S02001923,Springburn East and Cowlairs,Glasgow City,4,"4,743",84.3
S02001924,Cowlairs and Port Dundas,Glasgow City,4,"3,975",100.6
S02001925,Sighthill,Glasgow City,1,885,113
S02001926,"Roystonhill, Blochairn, and Provanmill",Glasgow City,5,"5,981",83.6
S02001927,Dennistoun North,Glasgow City,7,"4,606",152
S02001928,Alexandra Parade,Glasgow City,1,"2,610",38.3
S02001929,Carntyne West and Haghill,Glasgow City,1,"4,768",21
S02001930,Dennistoun,Glasgow City,2,"4,414",45.3
S02001931,Gallowgate North and Bellgrove,Glasgow City,5,"6,215",80.5
S02001932,City Centre East,Glasgow City,4,"10,253",39
S02001933,City Centre West,Glasgow City,6,"5,444",110.2
S02001934,City Centre South,Glasgow City,0,"3,840",0
S02001935,Anderston,Glasgow City,0,"5,320",0
S02001936,Finnieston and Kelvinhaugh,Glasgow City,2,"10,045",19.9
S02001937,Woodlands,Glasgow City,2,"7,322",27.3
S02001938,Woodside,Glasgow City,11,"3,537",311
S02001939,Firhill,Glasgow City,2,"6,305",31.7
S02001940,Keppochhill,Glasgow City,5,"4,844",103.2
S02001941,Ruchill,Glasgow City,12,"7,566",158.6
S02001942,Possil Park,Glasgow City,19,"6,077",312.7
S02001943,Milton West,Glasgow City,1,"4,334",23.1
S02001944,Milton East,Glasgow City,8,"3,023",264.6
S02001945,Summerston Central and West,Glasgow City,1,"4,416",22.6
S02001946,Summerston North,Glasgow City,0,"3,533",0
S02001947,Maryhill East,Glasgow City,1,"3,453",29
S02001948,Maryhill West,Glasgow City,3,"3,063",97.9
S02001949,Wyndford,Glasgow City,1,"4,218",23.7
S02001950,Kelvindale,Glasgow City,5,"6,194",80.7
S02001951,North Kelvin,Glasgow City,0,"4,184",0
S02001952,Kelvingrove and University,Glasgow City,3,"6,426",46.7
S02001953,Hillhead,Glasgow City,5,"7,653",65.3
S02001954,Glasgow Harbour and Partick South,Glasgow City,2,"5,320",37.6
S02001955,Partick,Glasgow City,0,"4,039",0
S02001956,Partickhill and Hyndland,Glasgow City,0,"5,763",0
S02001957,Dowanhill,Glasgow City,3,"4,525",66.3
S02001958,Kelvinside and Jordanhill,Glasgow City,5,"5,747",87
S02001959,Broomhill,Glasgow City,2,"4,587",43.6
S02001960,Victoria Park,Glasgow City,3,"2,757",108.8
S02001961,Whiteinch,Glasgow City,4,"3,693",108.3
S02001962,Scotstoun North and East,Glasgow City,4,"4,573",87.5
S02001963,Scotstoun South and West,Glasgow City,1,"3,651",27.4
S02001964,Yoker South,Glasgow City,4,"4,855",82.4
S02001965,Yoker North,Glasgow City,10,"2,959",338
S02001966,Knightswood West,Glasgow City,2,"2,533",79
S02001967,Knightswood East,Glasgow City,3,"3,948",76
S02001968,Knightswood Park West,Glasgow City,1,"3,320",30.1
S02001969,Knightswood Park East,Glasgow City,5,"3,825",130.7
S02001970,Anniesland East,Glasgow City,1,"4,207",23.8
S02001971,Anniesland West,Glasgow City,12,"6,543",183.4
S02001972,Blairdardie East,Glasgow City,3,"5,600",53.6
S02001973,Blairdardie West,Glasgow City,0,"2,950",0
S02001974,Drumchapel South,Glasgow City,19,"2,531",750.7
S02001975,Drumchapel North,Glasgow City,1,"3,363",29.7
S02001976,Drumry East,Glasgow City,4,"3,250",123.1
S02001977,Drumry West,Glasgow City,1,"3,599",27.8
S02001978,Lochaber West,Highland,0,"4,763",0
S02001979,Fort William North,Highland,0,"4,648",0
S02001980,Fort William South,Highland,0,"5,721",0
S02001981,Lochaber East and North,Highland,0,"4,724",0
S02001982,Badenoch and Strathspey South,Highland,0,"3,863",0
S02001983,Badenoch and Strathspey Central,Highland,0,"5,316",0
S02001984,Badenoch and Strathspey North,Highland,2,"4,730",42.3
S02001985,Nairn Rural,Highland,0,"4,809",0
S02001986,Nairn East,Highland,2,"4,055",49.3
S02001987,Nairn West,Highland,2,"4,508",44.4
S02001988,Inverness East Rural,Highland,1,"5,543",18
S02001989,Inverness Culloden and Balloch,Highland,2,"3,969",50.4
S02001990,Inverness Smithton,Highland,0,"3,112",0
S02001991,Inverness Westhill,Highland,1,"6,175",16.2
S02001992,Inverness Inshes,Highland,0,"5,681",0
S02001993,Inverness Slackbuie,Highland,1,"3,497",28.6
S02001994,Inverness Lochardil and Holm Mains,Highland,0,"5,200",0
S02001995,Inverness Drummond,Highland,0,"3,562",0
S02001996,Inverness Hilton,Highland,0,"3,778",0
S02001997,Inverness Drakies,Highland,0,"2,321",0
S02001998,"Inverness Central, Raigmore and Longman",Highland,2,"4,156",48.1
S02001999,Inverness Crown and Haugh,Highland,2,"4,382",45.6
S02002000,Inverness Ballifeary and Dalneigh,Highland,3,"4,492",66.8
S02002001,Inverness Muirtown,Highland,4,"3,887",102.9
S02002002,Inverness Merkinch,Highland,0,"3,416",0
S02002003,Inverness Scorguie,Highland,4,"2,931",136.5
S02002004,Inverness Kinmylies and South West,Highland,1,"4,055",24.7
S02002005,Inverness West Rural,Highland,0,"6,788",0
S02002006,Loch Ness,Highland,0,"4,630",0
S02002007,Lochalsh,Highland,0,"2,687",0
S02002008,Skye South,Highland,1,"3,551",28.2
S02002009,Skye North East,Highland,10,"3,581",279.3
S02002010,Skye North West,Highland,0,"3,404",0
S02002011,Ross and Cromarty South West,Highland,0,"3,015",0
S02002012,Ross and Cromarty North West,Highland,0,"3,245",0
S02002013,Ross and Cromarty Central,Highland,0,"3,717",0
S02002014,Ross and Cromarty East,Highland,1,"3,271",30.6
S02002015,Muir of Ord,Highland,1,"3,479",28.7
S02002016,Conon,Highland,0,"3,782",0
S02002017,Dingwall,Highland,0,"5,366",0
S02002018,Black Isle South,Highland,1,"6,866",14.6
S02002019,Black Isle North,Highland,0,"3,581",0
S02002020,Alness,Highland,0,"5,914",0
S02002021,Invergordon,Highland,0,"4,374",0
S02002022,Seaboard,Highland,0,"4,414",0
S02002023,Tain,Highland,1,"3,688",27.1
S02002024,Sutherland South,Highland,0,"6,141",0
S02002025,Sutherland East,Highland,0,"4,097",0
S02002026,Caithness South,Highland,1,"2,921",34.2
S02002027,Wick South,Highland,1,"3,472",28.8
S02002028,Wick North,Highland,2,"3,248",61.6
S02002029,Caithness North East,Highland,0,"3,511",0
S02002030,Caithness North West,Highland,1,"5,021",19.9
S02002031,Thurso East,Highland,1,"2,617",38.2
S02002032,Thurso West,Highland,0,"4,623",0
S02002033,Sutherland North and West,Highland,1,"3,242",30.8
S02002034,Kilmacolm Central,Inverclyde,2,"2,572",77.8
S02002035,"Kilmacolm, Quarriers, Greenock Upper East/Central",Inverclyde,5,"3,213",155.6
S02002036,Inverkip and Wemyss Bay,Inverclyde,5,"6,086",82.2
S02002037,"West Braeside, East Inverkip and West Gourock",Inverclyde,2,"3,021",66.2
S02002038,Gourock Upper and West Central and Upper Larkfield,Inverclyde,5,"4,108",121.7
S02002039,"Gourock Central, Upper East and IRH",Inverclyde,3,"3,929",76.4
S02002040,"Braeside, Branchton, Lower Larkfield and Ravenscraig",Inverclyde,11,"6,280",175.2
S02002041,"Lower Bow and Larkfield, Fancy Farm, Mallard Bowl",Inverclyde,8,"4,596",174.1
S02002042,"Gourock East, Greenock West and Lyle Road",Inverclyde,18,"4,916",366.2
S02002043,Greenock West and Central,Inverclyde,6,"5,496",109.2
S02002044,"Bow Farm, Barrs Cottage, Cowdenknowes and Overton",Inverclyde,6,"4,149",144.6
S02002045,Greenock Upper Central,Inverclyde,4,"3,690",108.4
S02002046,Greenock Town Centre and East Central,Inverclyde,19,"4,884",389
S02002047,Greenock East,Inverclyde,8,"6,597",121.3
S02002048,"Port Glasgow Upper, West and Central",Inverclyde,6,"5,449",110.1
S02002049,"Port Glasgow Mid, East and Central",Inverclyde,2,"4,442",45
S02002050,Port Glasgow Upper East,Inverclyde,2,"4,722",42.4
S02002051,Rural South Midlothian,Midlothian,3,"3,542",84.7
S02002052,Penicuik Southeast,Midlothian,6,"3,846",156
S02002053,Penicuik Southwest,Midlothian,4,"3,758",106.4
S02002054,Penicuik East,Midlothian,2,"2,784",71.8
S02002055,Penicuik North,Midlothian,0,"3,482",0
S02002056,Pentland,Midlothian,0,"3,141",0
S02002057,Roslin and Bilston,Midlothian,1,"3,328",30
S02002058,Straiton,Midlothian,2,"2,470",81
S02002059,Loanhead,Midlothian,2,"3,833",52.2
S02002060,Bonnyrigg South,Midlothian,13,"4,718",275.5
S02002061,Bonnyrigg North,Midlothian,22,"5,727",384.1
S02002062,Newbattle and Dalhousie,Midlothian,1,"8,455",11.8
S02002063,Eskbank,Midlothian,23,"4,941",465.5
S02002064,Shawfair,Midlothian,2,"4,155",48.1
S02002065,Thornybank,Midlothian,3,"4,326",69.3
S02002066,Dalkeith,Midlothian,3,"2,865",104.7
S02002067,Pathhead and Rural East Midlothian,Midlothian,5,"7,441",67.2
S02002068,Easthouses,Midlothian,2,"2,999",66.7
S02002069,Mayfield,Midlothian,2,"4,593",43.5
S02002070,Newtongrange,Midlothian,2,"4,224",47.3
S02002071,North Gorebridge,Midlothian,1,"3,082",32.4
S02002072,Gorebridge and Middleton,Midlothian,17,"3,630",468.3
S02002073,South Speyside and the Cabrach,Moray,2,"4,256",47
S02002074,North Speyside,Moray,0,"3,700",0
S02002075,Rural Keith and Strathisla,Moray,0,"3,119",0
S02002076,Keith and Fife Keith,Moray,1,"4,544",22
S02002077,"Cullen, Portknockie, Findochty, Drybridge and Berryhillock",Moray,2,"5,651",35.4
S02002078,Buckie Central East,Moray,3,"3,426",87.6
S02002079,Buckie West and Mains of Buckie,Moray,0,"4,804",0
S02002080,"Mosstodloch, Portgordon and seaward",Moray,3,"3,565",84.2
S02002081,"Fochabers, Aultmore, Clochan and Ordiquish",Moray,1,"2,442",41
S02002082,"Heldon West, Fogwatt to Inchberry",Moray,0,"4,856",0
S02002083,"Lhanbryde, Urquhart, Pitgavney and seaward",Moray,0,"3,338",0
S02002084,Elgin Cathedral to Ashgrove and Pinefield,Moray,2,"4,267",46.9
S02002085,New Elgin East,Moray,0,"3,972",0
S02002086,New Elgin West,Moray,0,"4,108",0
S02002087,Elgin Central West,Moray,1,"3,121",32
S02002088,Elgin Bishopmill East and Ladyhill,Moray,0,"3,311",0
S02002089,Elgin Bishopmill West and Newfield,Moray,0,"3,160",0
S02002090,Lossiemouth East and Seatown,Moray,0,"3,433",0
S02002091,Lossiemouth West,Moray,1,"4,159",24
S02002092,"Burghead, Roseisle and Laich",Moray,1,"5,424",18.4
S02002093,"Findhorn, Kinloss and Pluscarden Valley",Moray,0,"3,753",0
S02002094,Forres Central East and seaward,Moray,0,"3,692",0
S02002095,Forres South West and Mannachie,Moray,2,"5,323",37.6
S02002096,"Rafford, Dallas, Dyke to Dava",Moray,0,"4,096",0
S02002097,Arran,North Ayrshire,1,"4,576",21.9
S02002098,Springside and Rural,North Ayrshire,0,"2,774",0
S02002099,Irvine Tarryholme,North Ayrshire,1,"2,761",36.2
S02002100,Dreghorn,North Ayrshire,9,"3,527",255.2
S02002101,Irvine Broomlands,North Ayrshire,0,"2,789",0
S02002102,Irvine Bourtreehill,North Ayrshire,0,"2,275",0
S02002103,Irvine Girdle Toll and Staneca,North Ayrshire,0,"4,184",0
S02002104,Irvine Perceton and Lawthorn,North Ayrshire,1,"4,973",20.1
S02002105,Irvine Castlepark North,North Ayrshire,5,"3,500",142.9
S02002106,Irvine Castlepark South,North Ayrshire,1,"3,307",30.2
S02002107,Irvine East,North Ayrshire,1,"3,083",32.4
S02002108,Irvine Central,North Ayrshire,0,"3,243",0
S02002109,Irvine Fullarton,North Ayrshire,19,"2,991",635.2
S02002110,Stevenston Ardeer,North Ayrshire,1,"3,013",33.2
S02002111,Saltcoats Central,North Ayrshire,7,"3,725",187.9
S02002112,Ardrossan Central,North Ayrshire,7,"3,143",222.7
S02002113,Ardrossan North West,North Ayrshire,2,"3,107",64.4
S02002114,Ardrossan North East,North Ayrshire,1,"4,304",23.2
S02002115,Saltcoats North West,North Ayrshire,0,"3,540",0
S02002116,Saltcoats North East,North Ayrshire,2,"5,045",39.6
S02002117,Stevenston North West,North Ayrshire,1,"2,783",35.9
S02002118,Stevenston Hayocks,North Ayrshire,0,"4,061",0
S02002119,Kilwinning Whitehirst Park and Woodside,North Ayrshire,1,"5,068",19.7
S02002120,Kilwinning Pennyburn,North Ayrshire,1,"3,003",33.3
S02002121,Kilwinning West and Blacklands,North Ayrshire,2,"4,146",48.2
S02002122,Kilwinning Central and North,North Ayrshire,3,"3,788",79.2
S02002123,Dalry East and Rural,North Ayrshire,1,"2,867",34.9
S02002124,Dalry West,North Ayrshire,3,"2,894",103.7
S02002125,Fairlie and Rural,North Ayrshire,0,"2,666",0
S02002126,West Kilbride and Seamill,North Ayrshire,5,"4,644",107.7
S02002127,Largs South,North Ayrshire,7,"3,675",190.5
S02002128,Largs Central and Cumbrae,North Ayrshire,4,"4,781",83.7
S02002129,Largs North,North Ayrshire,2,"3,981",50.2
S02002130,Skelmorlie and Rural,North Ayrshire,2,"2,910",68.7
S02002131,Kilbirnie North,North Ayrshire,0,"3,209",0
S02002132,Kilbirnie South and Longbar,North Ayrshire,1,"3,971",25.2
S02002133,Beith West,North Ayrshire,0,"3,071",0
S02002134,Beith East and Rural,North Ayrshire,11,"3,902",281.9
S02002135,Overtown,North Lanarkshire,2,"3,823",52.3
S02002136,Netherton and Kirkhill,North Lanarkshire,2,"3,452",57.9
S02002137,Muirhouse,North Lanarkshire,1,"4,168",24
S02002138,Muirhouse and Knowetop,North Lanarkshire,3,"6,846",43.8
S02002139,Craigneuk Wishaw,North Lanarkshire,8,"4,742",168.7
S02002140,Pather,North Lanarkshire,2,"3,985",50.2
S02002141,Wishaw South,North Lanarkshire,2,"4,850",41.2
S02002142,Wishaw North,North Lanarkshire,7,"6,136",114.1
S02002143,Coltness,North Lanarkshire,2,"3,790",52.8
S02002144,Wishaw East,North Lanarkshire,1,"2,786",35.9
S02002145,Newmains,North Lanarkshire,2,"5,539",36.1
S02002146,Allanton - Newmains Rural,North Lanarkshire,6,"3,853",155.7
S02002147,Shotts,North Lanarkshire,0,"4,400",0
S02002148,Stane,North Lanarkshire,0,"2,876",0
S02002149,Harthill and Salsburgh,North Lanarkshire,2,"5,457",36.7
S02002150,Cleland,North Lanarkshire,4,"4,763",84
S02002151,Newarthill,North Lanarkshire,3,"3,018",99.4
S02002152,Carfin North,North Lanarkshire,2,"3,899",51.3
S02002153,Clydesdale and New Stevenston,North Lanarkshire,1,"3,454",29
S02002154,Carfin and Cleekhimin,North Lanarkshire,0,"5,387",0
S02002155,Motherwell South,North Lanarkshire,1,"3,833",26.1
S02002156,Ladywell,North Lanarkshire,4,"4,160",96.2
S02002157,Motherwell West,North Lanarkshire,0,"4,075",0
S02002158,Motherwell North,North Lanarkshire,0,"3,048",0
S02002159,Forgewood,North Lanarkshire,5,"4,823",103.7
S02002160,Holytown,North Lanarkshire,4,"5,335",75
S02002161,Milnwood,North Lanarkshire,4,"4,967",80.5
S02002162,Orbiston,North Lanarkshire,2,"5,019",39.8
S02002163,Bellshill South,North Lanarkshire,5,"4,680",106.8
S02002164,Hattonrigg,North Lanarkshire,7,"2,454",285.2
S02002165,Bellshill Central,North Lanarkshire,1,"3,420",29.2
S02002166,Fallside,North Lanarkshire,24,"4,901",489.7
S02002167,Viewpark,North Lanarkshire,5,"5,620",89
S02002168,Birkenshaw,North Lanarkshire,6,"4,670",128.5
S02002169,Kirkwood and Bargeddie,North Lanarkshire,6,"6,242",96.1
S02002170,Kirkshaws,North Lanarkshire,1,"5,907",16.9
S02002171,Dundyvan,North Lanarkshire,13,"6,235",208.5
S02002172,Drumpellier and Langloan,North Lanarkshire,1,"2,412",41.5
S02002173,Coatbridge West,North Lanarkshire,1,"4,114",24.3
S02002174,Townhead,North Lanarkshire,4,"4,665",85.7
S02002175,Sunnyside and Cliftonville,North Lanarkshire,3,"3,909",76.7
S02002176,Cliftonville,North Lanarkshire,4,"3,076",130
S02002177,Shawhead and Whifflet,North Lanarkshire,3,"3,187",94.1
S02002178,Greenend and Carnbroe,North Lanarkshire,4,"6,101",65.6
S02002179,Calderbank and Brownsburn,North Lanarkshire,2,"2,394",83.5
S02002180,Chapelhall West,North Lanarkshire,1,"2,509",39.9
S02002181,Chapelhall East,North Lanarkshire,2,"4,150",48.2
S02002182,Craigneuk Airdrie,North Lanarkshire,3,"3,469",86.5
S02002183,Petersburn,North Lanarkshire,1,"3,853",26
S02002184,Gartlea,North Lanarkshire,0,"3,001",0
S02002185,Cairnhill,North Lanarkshire,2,"4,644",43.1
S02002186,Coatdyke and Whinhall,North Lanarkshire,2,"5,623",35.6
S02002187,Thrashbush,North Lanarkshire,2,"5,300",37.7
S02002188,Airdrie North,North Lanarkshire,5,"5,233",95.5
S02002189,Drumgelloch,North Lanarkshire,3,"4,373",68.6
S02002190,Caldercruix and Plains,North Lanarkshire,2,"5,957",33.6
S02002191,Glenmavis and Greengairs,North Lanarkshire,5,"5,861",85.3
S02002192,Gartcosh and Marnock,North Lanarkshire,1,"6,468",15.5
S02002193,Cardowan and Millerston,North Lanarkshire,5,"4,855",103
S02002194,Stepps,North Lanarkshire,0,"2,941",0
S02002195,Chryston and Muirhead,North Lanarkshire,4,"4,120",97.1
S02002196,Moodiesburn West,North Lanarkshire,3,"3,497",85.8
S02002197,Moodiesburn East,North Lanarkshire,2,"3,533",56.6
S02002198,Westfield,North Lanarkshire,1,"6,441",15.5
S02002199,Condorrat,North Lanarkshire,9,"4,661",193.1
S02002200,Greenfaulds,North Lanarkshire,3,"3,814",78.7
S02002201,Seafar,North Lanarkshire,1,"3,412",29.3
S02002202,Cumbernauld Central,North Lanarkshire,3,"4,518",66.4
S02002203,Kildrum,North Lanarkshire,4,"4,043",98.9
S02002204,Abronhill South,North Lanarkshire,4,"3,772",106
S02002205,Abronhill North,North Lanarkshire,3,"4,170",71.9
S02002206,Village and Castlecary,North Lanarkshire,2,"3,653",54.7
S02002207,Carrickstone,North Lanarkshire,3,"4,910",61.1
S02002208,Balloch West,North Lanarkshire,0,"3,497",0
S02002209,Balloch East,North Lanarkshire,4,"2,688",148.8
S02002210,Kilsyth East and Croy,North Lanarkshire,9,"7,829",115
S02002211,Kilsyth Bogside,North Lanarkshire,3,"3,221",93.1
S02002212,Balmalloch,North Lanarkshire,4,"3,693",108.3
S02002213,"Stromness, Sandwick and Stenness",Orkney Islands,0,"3,205",0
S02002214,West Mainland,Orkney Islands,0,"4,307",0
S02002215,East Mainland,Orkney Islands,0,"4,455",0
S02002216,West Kirkwall,Orkney Islands,1,"3,692",27.1
S02002217,East Kirkwall,Orkney Islands,1,"2,331",42.9
S02002218,Isles,Orkney Islands,0,"4,200",0
S02002219,"Powmill, Cleish and Scotlandwell",Perth and Kinross,1,"4,137",24.2
S02002220,Kinross,Perth and Kinross,2,"4,955",40.4
S02002221,Milnathort and Crook of Devon,Perth and Kinross,2,"3,773",53
S02002222,"Muthill, Greenloaning and Gleneagles",Perth and Kinross,0,"4,316",0
S02002223,Auchterarder,Perth and Kinross,2,"4,158",48.1
S02002224,"Comrie, Gilmerton and St Fillans",Perth and Kinross,1,"3,847",26
S02002225,Crieff North,Perth and Kinross,4,"3,091",129.4
S02002226,Crieff South,Perth and Kinross,5,"4,115",121.5
S02002227,Aberuthven and Almondbank,Perth and Kinross,4,"4,692",85.3
S02002228,"Glenfarg, Dunning and Rhynd",Perth and Kinross,1,"4,682",21.4
S02002229,Bridge of Earn and Abernethy,Perth and Kinross,4,"5,248",76.2
S02002230,Moncrieffe and Friarton,Perth and Kinross,2,"4,115",48.6
S02002231,"Viewlands, Craigie and Wellshill",Perth and Kinross,3,"5,800",51.7
S02002232,Burghmuir and Oakbank,Perth and Kinross,0,"4,205",0
S02002233,Western Edge,Perth and Kinross,0,"4,139",0
S02002234,Letham,Perth and Kinross,0,"5,439",0
S02002235,"Hillyland, Tulloch and Inveralmond",Perth and Kinross,1,"5,916",16.9
S02002236,North Muirton and Old Scone,Perth and Kinross,1,"3,170",31.5
S02002237,Muirton,Perth and Kinross,0,"3,406",0
S02002238,North Inch,Perth and Kinross,6,"2,265",264.9
S02002239,Central and South Inch,Perth and Kinross,1,"4,516",22.1
S02002240,Gannochy and Walnut Grove,Perth and Kinross,4,"3,672",108.9
S02002241,Scone,Perth and Kinross,2,"5,093",39.3
S02002242,"Guildtown, Balbeggie and St Madoes",Perth and Kinross,0,"4,080",0
S02002243,Errol and Inchture,Perth and Kinross,1,"4,282",23.4
S02002244,"Invergowrie, Longforgan and Abernyte",Perth and Kinross,2,"3,815",52.4
S02002245,Coupar Angus and Meigle,Perth and Kinross,4,"5,258",76.1
S02002246,Alyth,Perth and Kinross,0,"3,069",0
S02002247,"Blair Atholl, Strathardle and Glenshee",Perth and Kinross,1,"4,040",24.8
S02002248,Blairgowrie East (Rattray),Perth and Kinross,2,"2,973",67.3
S02002249,Blairgowrie West,Perth and Kinross,2,"5,669",35.3
S02002250,Stanley and Murthly,Perth and Kinross,2,"4,614",43.3
S02002251,Luncarty and Dunkeld,Perth and Kinross,1,"6,143",16.3
S02002252,Pitlochry,Perth and Kinross,3,"3,908",76.8
S02002253,Rannoch and Aberfeldy,Perth and Kinross,2,"4,689",42.7
S02002254,Lochwinnoch,Renfrewshire,3,"2,679",112
S02002255,Renfrewshire Rural South and Howwood,Renfrewshire,15,"3,880",386.6
S02002256,Renfrewshire Rural North and Langbank,Renfrewshire,34,"6,311",538.7
S02002257,Kilbarchan,Renfrewshire,3,"3,191",94
S02002258,Johnstone South West,Renfrewshire,4,"5,636",71
S02002259,Johnstone North West,Renfrewshire,3,"3,528",85
S02002260,Johnstone North East,Renfrewshire,6,"3,518",170.6
S02002261,Johnstone South East,Renfrewshire,0,"3,686",0
S02002262,Elderslie and Phoenix,Renfrewshire,7,"5,192",134.8
S02002263,Paisley Ferguslie,Renfrewshire,1,"4,147",24.1
S02002264,Paisley North West,Renfrewshire,2,"3,565",56.1
S02002265,Paisley West,Renfrewshire,22,"5,464",402.6
S02002266,Paisley Foxbar,Renfrewshire,8,"4,795",166.8
S02002267,Paisley South West,Renfrewshire,1,"4,591",21.8
S02002268,Paisley Glenburn West,Renfrewshire,2,"4,065",49.2
S02002269,Paisley Glenburn East,Renfrewshire,5,"3,316",150.8
S02002270,Paisley South,Renfrewshire,0,"3,583",0
S02002271,Paisley South East,Renfrewshire,5,"5,920",84.5
S02002272,Paisley Dykebar,Renfrewshire,0,"3,994",0
S02002273,Paisley East,Renfrewshire,2,"4,143",48.3
S02002274,Paisley Central,Renfrewshire,2,"7,010",28.5
S02002275,Paisley North East,Renfrewshire,6,"5,972",100.5
S02002276,Paisley Ralston,Renfrewshire,2,"4,715",42.4
S02002277,Paisley Gallowhill and Hillington,Renfrewshire,8,"5,497",145.5
S02002278,Paisley North,Renfrewshire,3,"5,152",58.2
S02002279,Renfrew West,Renfrewshire,6,"6,788",88.4
S02002280,Renfrew South,Renfrewshire,3,"4,895",61.3
S02002281,Renfrew East,Renfrewshire,8,"5,408",147.9
S02002282,Renfrew North,Renfrewshire,3,"6,779",44.3
S02002283,Erskine East and Inchinnan,Renfrewshire,9,"5,619",160.2
S02002284,Erskine Central,Renfrewshire,1,"4,948",20.2
S02002285,Erskine West,Renfrewshire,5,"5,528",90.4
S02002286,Bishopton,Renfrewshire,2,"4,400",45.5
S02002287,Linwood South,Renfrewshire,9,"4,092",219.9
S02002288,Linwood North,Renfrewshire,3,"4,499",66.7
S02002289,Houston South,Renfrewshire,1,"3,154",31.7
S02002290,Houston North,Renfrewshire,2,"3,312",60.4
S02002291,Bridge of Weir,Renfrewshire,2,"4,818",41.5
S02002292,Tweeddale West Area,Scottish Borders,3,"6,156",48.7
S02002293,Peebles North,Scottish Borders,5,"4,250",117.6
S02002294,Peebles South,Scottish Borders,0,"4,323",0
S02002295,Tweeddale East Area,Scottish Borders,4,"5,716",70
S02002296,Earlston Stow and Clovernfords Area,Scottish Borders,1,"5,749",17.4
S02002297,Galashiels North,Scottish Borders,0,"3,686",0
S02002298,Galashiels West,Scottish Borders,3,"3,039",98.7
S02002299,Galashiels South,Scottish Borders,2,"3,272",61.1
S02002300,Langlee,Scottish Borders,0,"2,591",0
S02002301,Melrose and Tweedbank Area,Scottish Borders,3,"5,387",55.7
S02002302,Lauder and Area,Scottish Borders,1,"3,082",32.4
S02002303,Berwickshire Central,Scottish Borders,2,"4,170",48
S02002304,Duns,Scottish Borders,1,"2,824",35.4
S02002305,Berwickshire East,Scottish Borders,2,"3,698",54.1
S02002306,Eyemouth,Scottish Borders,7,"3,538",197.9
S02002307,Chirnside and Area,Scottish Borders,2,"3,986",50.2
S02002308,Coldstream and Area,Scottish Borders,2,"2,753",72.6
S02002309,Cheviot East,Scottish Borders,1,"4,701",21.3
S02002310,Kelso North,Scottish Borders,3,"3,186",94.2
S02002311,Kelso South,Scottish Borders,1,"2,376",42.1
S02002312,Cheviot West,Scottish Borders,0,"2,965",0
S02002313,St Boswells and Newtown Area,Scottish Borders,1,"3,746",26.7
S02002314,Jedburgh,Scottish Borders,0,"3,885",0
S02002315,Denholm and Hermitage,Scottish Borders,5,"4,053",123.4
S02002316,Burnfoot,Scottish Borders,0,"2,986",0
S02002317,Hawick Central,Scottish Borders,10,"4,185",238.9
S02002318,Hawick West End,Scottish Borders,2,"3,316",60.3
S02002319,Hawick North,Scottish Borders,0,"3,385",0
S02002320,Ettrick Yarrow and Liliesleaf Area,Scottish Borders,3,"2,696",111.3
S02002321,Selkirk,Scottish Borders,2,"5,570",35.9
S02002322,Shetland South,Shetland Islands,1,"3,370",29.7
S02002323,Lerwick South,Shetland Islands,0,"3,405",0
S02002324,Lerwick North,Shetland Islands,1,"4,596",21.8
S02002325,Central Shetland,Shetland Islands,0,"3,436",0
S02002326,East and West Mainland,Shetland Islands,4,"2,896",138.1
S02002327,North Mainland,Shetland Islands,1,"2,572",38.9
S02002328,North and East Isles,Shetland Islands,0,"2,715",0
S02002329,Carrick South,South Ayrshire,1,"5,321",18.8
S02002330,Girvan Glendoune,South Ayrshire,1,"3,216",31.1
S02002331,Girvan Ailsa,South Ayrshire,5,"3,239",154.4
S02002332,Maybole,South Ayrshire,2,"4,637",43.1
S02002333,Carrick North,South Ayrshire,4,"4,496",89
S02002334,Coylton,South Ayrshire,1,"3,767",26.5
S02002335,Alloway and Doonfoot,South Ayrshire,5,"5,936",84.2
S02002336,Castlehill and Kincaidston,South Ayrshire,2,"4,212",47.5
S02002337,Belmont,South Ayrshire,5,"5,405",92.5
S02002338,Holmston and Forehill,South Ayrshire,2,"4,897",40.8
S02002339,Ayr South Harbour and Town Centre,South Ayrshire,19,"5,445",348.9
S02002340,"Ayr North Harbour, Wallacetown and Newton South",South Ayrshire,3,"4,517",66.4
S02002341,Craigie,South Ayrshire,0,"2,599",0
S02002342,Dalmilling,South Ayrshire,0,"2,960",0
S02002343,"Lochside, Braehead and Whitletts",South Ayrshire,1,"4,126",24.2
S02002344,Newton North,South Ayrshire,1,"4,237",23.6
S02002345,Heathfield,South Ayrshire,6,"4,493",133.5
S02002346,Prestwick West,South Ayrshire,11,"4,039",272.3
S02002347,Prestwick East,South Ayrshire,7,"5,296",132.2
S02002348,Prestwick Airport and Monkton,South Ayrshire,18,"3,203",562
S02002349,"Annbank, Mossblown and Tarbolton - the Coalfields",South Ayrshire,4,"5,882",68
S02002350,"Dundonald, Loans and Symington",South Ayrshire,4,"6,010",66.6
S02002351,Muirhead,South Ayrshire,0,"5,266",0
S02002352,Barassie,South Ayrshire,2,"3,948",50.7
S02002353,Troon,South Ayrshire,1,"5,403",18.5
S02002354,Clydesdale South,South Lanarkshire,2,"2,440",82
S02002355,"Biggar, Symington, Thankerton and Dolphinton",South Lanarkshire,1,"5,869",17
S02002356,"Carstairs, Carstairs Junction and Carnwath",South Lanarkshire,2,"4,728",42.3
S02002357,"Forth, Braehead and Auchengray",South Lanarkshire,4,"3,626",110.3
S02002358,Law,South Lanarkshire,1,"3,707",27
S02002359,Carluke West,South Lanarkshire,3,"2,859",104.9
S02002360,Carluke North,South Lanarkshire,1,"2,462",40.6
S02002361,Carluke East,South Lanarkshire,1,"4,017",24.9
S02002362,Carluke South,South Lanarkshire,3,"3,407",88.1
S02002363,"Crossford, Braidwood and Yieldshields",South Lanarkshire,1,"2,617",38.2
S02002364,Lanark North West,South Lanarkshire,3,"2,631",114
S02002365,Lanark North East,South Lanarkshire,0,"2,202",0
S02002366,Lanark South,South Lanarkshire,5,"3,926",127.4
S02002367,Hazelbank and Kirkfieldbank,South Lanarkshire,2,"3,988",50.2
S02002368,"Douglas, Coalburn and Rigside",South Lanarkshire,1,"4,210",23.8
S02002369,Lesmahagow,South Lanarkshire,3,"3,757",79.9
S02002370,Kirkmuirhill and Blackwood,South Lanarkshire,1,"4,287",23.3
S02002371,Ashgill and Netherburn,South Lanarkshire,5,"2,907",172
S02002372,Merryton and Meadowhill,South Lanarkshire,3,"3,266",91.9
S02002373,"Larkhall Central, Raploch, Millheugh and Burnhead",South Lanarkshire,0,"3,796",0
S02002374,Hareleeshill,South Lanarkshire,3,"3,944",76.1
S02002375,Strutherhill,South Lanarkshire,4,"3,559",112.4
S02002376,Stonehouse,South Lanarkshire,6,"5,734",104.6
S02002377,Strathaven South,South Lanarkshire,2,"4,587",43.6
S02002378,Strathaven North,South Lanarkshire,0,"2,863",0
S02002379,"Chapelton, Glengavel and Sandford",South Lanarkshire,5,"3,295",151.7
S02002380,"Glassford, Quarter and Allanton",South Lanarkshire,0,"4,096",0
S02002381,Eddlewood,South Lanarkshire,6,"3,546",169.2
S02002382,Low Waters,South Lanarkshire,3,"2,785",107.7
S02002383,Silvertonhill,South Lanarkshire,1,"2,775",36
S02002384,Hamilton Centre and Low Parks,South Lanarkshire,7,"4,213",166.2
S02002385,Laighstonehall,South Lanarkshire,1,"3,666",27.3
S02002386,Fairhill,South Lanarkshire,1,"2,066",48.4
S02002387,Woodhead and Meikle Earnock,South Lanarkshire,1,"2,770",36.1
S02002388,Little Earnock,South Lanarkshire,1,"6,512",15.4
S02002389,Earnock,South Lanarkshire,2,"4,064",49.2
S02002390,Hillhouse,South Lanarkshire,2,"4,179",47.9
S02002391,High Blantyre,South Lanarkshire,1,"3,781",26.4
S02002392,Blantyre South and Wheatlands,South Lanarkshire,3,"4,215",71.2
S02002393,Low Blantyre and Bardykes,South Lanarkshire,2,"3,249",61.6
S02002394,Blantytre North and Coatshill,South Lanarkshire,0,"2,969",0
S02002395,Burnbank North,South Lanarkshire,1,"4,952",20.2
S02002396,Burnbank Central and Udston,South Lanarkshire,4,"4,460",89.7
S02002397,Burnbank South and Chantinghall,South Lanarkshire,12,"3,793",316.4
S02002398,Whitehill,South Lanarkshire,3,"3,923",76.5
S02002399,Bothwell South,South Lanarkshire,1,"3,336",30
S02002400,Bothwell North,South Lanarkshire,2,"3,129",63.9
S02002401,Uddingston and Gardenside,South Lanarkshire,9,"6,639",135.6
S02002402,"Halfway, Hallside and Drumsagard",South Lanarkshire,3,"7,361",40.8
S02002403,Westburn and Newton,South Lanarkshire,3,"6,356",47.2
S02002404,Vicarland and Cairns,South Lanarkshire,2,"4,182",47.8
S02002405,Whitlawburn and Greenlees,South Lanarkshire,9,"4,753",189.4
S02002406,Cambuslang Central,South Lanarkshire,2,"3,840",52.1
S02002407,"Burgh, Eastfield and Silverbank",South Lanarkshire,4,"5,667",70.6
S02002408,Farme Cross and Gallowflat North,South Lanarkshire,6,"3,356",178.8
S02002409,Shawfield and Clincarthill,South Lanarkshire,12,"3,539",339.1
S02002410,Burnhill and Bankhead North,South Lanarkshire,5,"3,294",151.8
S02002411,Bankhead South,South Lanarkshire,2,"3,045",65.7
S02002412,Spittal,South Lanarkshire,1,"2,704",37
S02002413,High Crosshill,South Lanarkshire,1,"3,747",26.7
S02002414,Burnside and Springhall,South Lanarkshire,4,"4,340",92.2
S02002415,Fernhill and Cathkin,South Lanarkshire,5,"4,549",109.9
S02002416,Nerston and EK Landward Area,South Lanarkshire,20,"6,626",301.8
S02002417,Calderwood East,South Lanarkshire,1,"3,523",28.4
S02002418,Calderwood Central,South Lanarkshire,5,"3,724",134.3
S02002419,Calderwood West and Nerston,South Lanarkshire,5,"4,112",121.6
S02002420,St Leonards North,South Lanarkshire,3,"4,840",62
S02002421,St Leonards South,South Lanarkshire,4,"4,584",87.3
S02002422,East Mains,South Lanarkshire,3,"3,065",97.9
S02002423,West Mains,South Lanarkshire,2,"3,001",66.6
S02002424,Stewartfield East,South Lanarkshire,0,"2,603",0
S02002425,Stewartfield West,South Lanarkshire,0,"4,089",0
S02002426,"Thorntonhall, Jackton and Gardenhall",South Lanarkshire,0,"4,214",0
S02002427,Hairmyres and Westwood West,South Lanarkshire,4,"3,848",104
S02002428,Mossneuk and Newlandsmuir,South Lanarkshire,2,"2,667",75
S02002429,Crosshouse and Lindsayfield,South Lanarkshire,12,"5,415",221.6
S02002430,Whitehills West,South Lanarkshire,23,"4,096",561.5
S02002431,Greenhills,South Lanarkshire,5,"3,106",161
S02002432,Westwood South,South Lanarkshire,1,"4,101",24.4
S02002433,Westwood East,South Lanarkshire,9,"3,461",260
S02002434,The Murray,South Lanarkshire,3,"3,571",84
S02002435,"Birniehill, Kelvin and Whitehills East",South Lanarkshire,2,"3,839",52.1
S02002436,Blane Valley,Stirling,12,"5,410",221.8
S02002437,Balfron and Drymen,Stirling,1,"4,417",22.6
S02002438,Kippen and Fintry,Stirling,0,"3,259",0
S02002439,Cambusbarron,Stirling,4,"3,815",104.8
S02002440,Plean and Rural SE,Stirling,1,"3,099",32.3
S02002441,Cowie,Stirling,1,"2,728",36.7
S02002442,Fallin,Stirling,2,"2,869",69.7
S02002443,Bannockburn,Stirling,3,"3,374",88.9
S02002444,Hillpark,Stirling,2,"3,505",57.1
S02002445,Broomridge,Stirling,2,"5,322",37.6
S02002446,Borestone,Stirling,2,"4,016",49.8
S02002447,King's Park and Torbrex,Stirling,4,"4,194",95.4
S02002448,Braehead,Stirling,1,"2,460",40.7
S02002449,City Centre,Stirling,0,"3,968",0
S02002450,Raploch,Stirling,6,"3,449",174
S02002451,Cornton,Stirling,0,"3,259",0
S02002452,Causewayhead,Stirling,0,"2,856",0
S02002453,Bridge of Allan and University,Stirling,3,"7,245",41.4
S02002454,Forth,Stirling,1,"2,951",33.9
S02002455,Dunblane East,Stirling,0,"5,605",0
S02002456,Dunblane West,Stirling,5,"4,478",111.7
S02002457,Carse of Stirling,Stirling,1,"5,068",19.7
S02002458,Callander and Trossachs,Stirling,1,"3,734",26.8
S02002459,Highland,Stirling,1,"3,249",30.8
S02002460,IZ01,West Dunbartonshire,1,"3,925",25.5
S02002461,IZ02,West Dunbartonshire,20,"4,644",430.7
S02002462,IZ03,West Dunbartonshire,3,"5,539",54.2
S02002463,IZ04,West Dunbartonshire,3,"4,517",66.4
S02002464,IZ05,West Dunbartonshire,3,"3,564",84.2
S02002465,IZ06,West Dunbartonshire,2,"5,201",38.5
S02002466,IZ07,West Dunbartonshire,8,"4,392",182.1
S02002467,IZ08,West Dunbartonshire,7,"5,420",129.2
S02002468,IZ09,West Dunbartonshire,3,"4,873",61.6
S02002469,IZ10,West Dunbartonshire,9,"4,263",211.1
S02002470,IZ11,West Dunbartonshire,5,"4,953",100.9
S02002471,IZ12,West Dunbartonshire,20,"7,054",283.5
S02002472,IZ13,West Dunbartonshire,0,"5,523",0
S02002473,IZ14,West Dunbartonshire,4,"4,987",80.2
S02002474,IZ15,West Dunbartonshire,2,"5,785",34.6
S02002475,IZ16,West Dunbartonshire,18,"4,115",437.4
S02002476,IZ17,West Dunbartonshire,7,"5,958",117.5
S02002477,IZ18,West Dunbartonshire,6,"4,417",135.8
S02002478,Fauldhouse,West Lothian,2,"4,835",41.4
S02002479,Breich Valley,West Lothian,3,"4,846",61.9
S02002480,West Calder and Polbeth,West Lothian,8,"5,427",147.4
S02002481,"Bellsquarry, Adambrae and Kirkton",West Lothian,0,"4,795",0
S02002482,Bankton and Murieston,West Lothian,1,"5,297",18.9
S02002483,Dedridge East,West Lothian,10,"5,481",182.4
S02002484,Mid Calder and Kirknewton,West Lothian,0,"5,860",0
S02002485,East Calder,West Lothian,1,"5,946",16.8
S02002486,Pumpherston and Uphall Station,West Lothian,0,"2,749",0
S02002487,Craigshill,West Lothian,4,"5,962",67.1
S02002488,Howden,West Lothian,1,"4,572",21.9
S02002489,Livingston Village and Eliburn South,West Lothian,8,"5,396",148.3
S02002490,Ladywell,West Lothian,1,"4,971",20.1
S02002491,Knightsridge,West Lothian,0,"5,662",0
S02002492,Knightsridge and Deans North,West Lothian,0,"3,723",0
S02002493,Deans,West Lothian,0,"2,820",0
S02002494,Carmondean and Eliburn North,West Lothian,2,"5,896",33.9
S02002495,Seafield,West Lothian,1,"2,218",45.1
S02002496,Blackburn,West Lothian,0,"5,043",0
S02002497,Blaeberry Hill and East Whitburn,West Lothian,6,"5,993",100.1
S02002498,Whitburn Central,West Lothian,9,"4,830",186.3
S02002499,"Whitburn, Croftmalloch and Greenrigg",West Lothian,1,"4,347",23
S02002500,Armadale,West Lothian,3,"5,618",53.4
S02002501,Armadale South,West Lothian,3,"6,390",46.9
S02002502,"Bathgate, Wester Inch and Inchcross",West Lothian,2,"7,019",28.5
S02002503,Bathgate and Boghall,West Lothian,1,"4,309",23.2
S02002504,Bathgate East,West Lothian,2,"6,441",31.1
S02002505,Bathgate West,West Lothian,1,"6,035",16.6
S02002506,"Blackridge, Westfield and Torphichen",West Lothian,1,"3,673",27.2
S02002507,Linlithgow South,West Lothian,0,"5,878",0
S02002508,Linlithgow Bridge,West Lothian,6,"4,373",137.2
S02002509,Linlithgow North,West Lothian,1,"3,497",28.6
S02002510,"Winchburgh, Bridgend and Philpstoun",West Lothian,3,"5,489",54.7
S02002511,Broxburn Kirkhill,West Lothian,0,"4,363",0
S02002512,"Uphall, Dechmont and Ecclesmachan",West Lothian,6,"5,631",106.6
S02002513,Broxburn South,West Lothian,0,"3,866",0
S02002514,Broxburn East,West Lothian,0,"2,889",0